insert into champion (champ_name, champ_role, champ_level, total_exp, max_health_points, max_mana_points, respawn_time) values ('Torbjorn', 'ADC', 20, 13911, 2727, 2347, 110);
insert into champion (champ_name, champ_role, champ_level, total_exp, max_health_points, max_mana_points, respawn_time) values ('Agnes', 'ADC', 20, 13820, 3078, 3025, 120);
insert into champion (champ_name, champ_role, champ_level, total_exp, max_health_points, max_mana_points, respawn_time) values ('Mai', 'Carry', 20, 12636, 2123, 2469, 35);
insert into champion (champ_name, champ_role, champ_level, total_exp, max_health_points, max_mana_points, respawn_time) values ('Illustree', 'Carry', 20, 12281, 1494, 4784, 30);
insert into champion (champ_name, champ_role, champ_level, total_exp, max_health_points, max_mana_points, respawn_time) values ('Loic', 'Ganker', 20, 5424, 12890, 2797, 15);
insert into champion (champ_name, champ_role, champ_level, total_exp, max_health_points, max_mana_points, respawn_time) values ('Ake', 'Ganker', 20, 19563, 11726, 2976, 60);
insert into champion (champ_name, champ_role, champ_level, total_exp, max_health_points, max_mana_points, respawn_time) values ('Laurene', 'Tank', 20, 2993, 12332, 2610, 35);
insert into champion (champ_name, champ_role, champ_level, total_exp, max_health_points, max_mana_points, respawn_time) values ('Leana', 'Tank', 20, 14172, 13248, 1670, 20);
insert into champion (champ_name, champ_role, champ_level, total_exp, max_health_points, max_mana_points, respawn_time) values ('Cinema', 'Pusher', 20, 11540, 2237, 2045, 45);
insert into champion (champ_name, champ_role, champ_level, total_exp, max_health_points, max_mana_points, respawn_time) values ('Gaelle', 'Pusher', 20, 13462, 2136, 3583, 75);
insert into champion (champ_name, champ_role, champ_level, total_exp, max_health_points, max_mana_points, respawn_time) values ('Oceane', 'Support', 20, 13705, 1714, 2503, 110);
insert into champion (champ_name, champ_role, champ_level, total_exp, max_health_points, max_mana_points, respawn_time) values ('Ku', 'Support', 20, 6272, 12424, 2020, 95);
insert into champion (champ_name, champ_role, champ_level, total_exp, max_health_points, max_mana_points, respawn_time) values ('Eloise', 'Jungler', 20, 12669, 3511, 1899, 25);
insert into champion (champ_name, champ_role, champ_level, total_exp, max_health_points, max_mana_points, respawn_time) values ('Francoise', 'Jungler', 20, 11912, 2074, 1844, 60);

insert into user_account (acct_name, acct_password, acctid, fname, lname, email, date_created, dob, acct_level) values ('gstraffon0', 'pB3qUh', 84163, 'Giffer', 'Straffon', 'gstraffon0@usgs.gov', TO_DATE('2020-10-29 13:20:58', 'yyyy/mm/dd hh24:mi:ss'), '10/24/1998', 12, 'Torbjorn');
insert into user_account (acct_name, acct_password, acctid, fname, lname, email, date_created, dob, acct_level) values ('rstaten1', 'UV8jp3OD', 27968, 'Rosamond', 'Staten', 'rstaten1@prnewswire.com', TO_DATE('2020-10-09 14:33:06', 'yyyy/mm/dd hh24:mi:ss'), '12/19/2000', 39, 'Torbjorn');
insert into user_account (acct_name, acct_password, acctid, fname, lname, email, date_created, dob, acct_level) values ('eviel2', 'EI2lRQcC', 12297, 'Ethelred', 'Viel', 'eviel2@google.co.uk', TO_DATE('2020-11-08 10:22:30', 'yyyy/mm/dd hh24:mi:ss'), '01/25/1981', 31, 'Agnes');
insert into user_account (acct_name, acct_password, acctid, fname, lname, email, date_created, dob, acct_level) values ('dcogan3', 'RM2PJGdpuM', 20535, 'Darlleen', 'Cogan', 'dcogan3@nhs.uk', TO_DATE('2020-09-28 17:21:05', 'yyyy/mm/dd hh24:mi:ss'), '07/09/1996', 8, 'Agnes');
insert into user_account (acct_name, acct_password, acctid, fname, lname, email, date_created, dob, acct_level) values ('gwhapham4', 'GkDDUz', 85256, 'Gwynne', 'Whapham', 'gwhapham4@usgs.gov', TO_DATE('2020-10-18 01:04:38', 'yyyy/mm/dd hh24:mi:ss'), '01/30/1991', 38, 'Mai');
insert into user_account (acct_name, acct_password, acctid, fname, lname, email, date_created, dob, acct_level) values ('klernihan5', '39alt3LKwa', 26840, 'Kirby', 'Lernihan', 'klernihan5@theguardian.com', TO_DATE('2020-08-25 04:27:55', 'yyyy/mm/dd hh24:mi:ss'), '03/18/1979', 43, 'Mai');
insert into user_account (acct_name, acct_password, acctid, fname, lname, email, date_created, dob, acct_level) values ('ugreenside6', 'Ade3WH', 69294, 'Ursuline', 'Greenside', 'ugreenside6@apache.org', TO_DATE('2020-11-10 03:56:20', 'yyyy/mm/dd hh24:mi:ss'), '07/09/1986', 27, 'Illustree');
insert into user_account (acct_name, acct_password, acctid, fname, lname, email, date_created, dob, acct_level) values ('nbeddo7', 'LPzGo2q', 83803, 'Nataline', 'Beddo', 'nbeddo7@t-online.de', TO_DATE('2020-09-13 01:00:59', 'yyyy/mm/dd hh24:mi:ss'), '01/20/1988', 39, 'Illustree');
insert into user_account (acct_name, acct_password, acctid, fname, lname, email, date_created, dob, acct_level) values ('amacquire8', '6y9ajayl', 87635, 'August', 'Macquire', 'amacquire8@amazon.co.jp', TO_DATE('2020-10-07 21:26:36', 'yyyy/mm/dd hh24:mi:ss'), '12/24/1978', 10, 'Loic');
insert into user_account (acct_name, acct_password, acctid, fname, lname, email, date_created, dob, acct_level) values ('gfatkin9', 'yzQCf0a', 71484, 'Gale', 'Fatkin', 'gfatkin9@flavors.me', TO_DATE('2020-10-01 14:10:01', 'yyyy/mm/dd hh24:mi:ss'), '02/26/1978', 15, 'Loic');
insert into user_account (acct_name, acct_password, acctid, fname, lname, email, date_created, dob, acct_level) values ('nsongusta', 'DYD9umc14VJ', 21883, 'Nonie', 'Songust', 'nsongusta@deliciousdays.com', TO_DATE('2020-09-26 20:16:55', 'yyyy/mm/dd hh24:mi:ss'), '02/28/2003', 31, 'Ake');
insert into user_account (acct_name, acct_password, acctid, fname, lname, email, date_created, dob, acct_level) values ('gbotgerb', 'k1h50iM', 15601, 'Gertrudis', 'Botger', 'gbotgerb@howstuffworks.com', TO_DATE('2020-08-29 08:17:24', 'yyyy/mm/dd hh24:mi:ss'), '05/08/2000', 29, 'Ake');
insert into user_account (acct_name, acct_password, acctid, fname, lname, email, date_created, dob, acct_level) values ('yshavec', 'jl1BUs4yKVB', 64251, 'Yettie', 'Shave', 'yshavec@cnbc.com', TO_DATE('2020-10-28 19:34:40', 'yyyy/mm/dd hh24:mi:ss'), '07/29/2003', 29, 'Laurene');
insert into user_account (acct_name, acct_password, acctid, fname, lname, email, date_created, dob, acct_level) values ('hmongerd', 'E3mc75xMN', 51065, 'Heriberto', 'Monger', 'hmongerd@wunderground.com', TO_DATE('2020-10-10 21:30:50', 'yyyy/mm/dd hh24:mi:ss'), '01/18/1998', 3, 'Laurene');
insert into user_account (acct_name, acct_password, acctid, fname, lname, email, date_created, dob, acct_level) values ('dvossee', 'W8noXi', 32637, 'Darla', 'Vosse', 'dvossee@goo.gl', TO_DATE('2020-09-10 14:31:00', 'yyyy/mm/dd hh24:mi:ss'), '11/13/1982', 4, 'Leana');
insert into user_account (acct_name, acct_password, acctid, fname, lname, email, date_created, dob, acct_level) values ('esparksf', 'FCkP4FInz', 57633, 'Euell', 'Sparks', 'esparksf@disqus.com', TO_DATE('2020-09-05 23:29:02', 'yyyy/mm/dd hh24:mi:ss'), '07/04/1999', 30, 'Leana');
insert into user_account (acct_name, acct_password, acctid, fname, lname, email, date_created, dob, acct_level) values ('cfavelg', 'GZ5RfCFcg', 97295, 'Catharina', 'Favel', 'cfavelg@stumbleupon.com', TO_DATE('2020-09-12 20:00:08', 'yyyy/mm/dd hh24:mi:ss'), '09/27/1977', 39, 'Cinema');
insert into user_account (acct_name, acct_password, acctid, fname, lname, email, date_created, dob, acct_level) values ('kpendellh', 'kmfLmmj', 17089, 'Krisha', 'Pendell', 'kpendellh@dropbox.com', TO_DATE('2020-10-06 16:51:17', 'yyyy/mm/dd hh24:mi:ss'), '01/20/1982', 5, 'Cinema');
insert into user_account (acct_name, acct_password, acctid, fname, lname, email, date_created, dob, acct_level) values ('crogeoni', 'xPFvQQ', 84551, 'Clement', 'Rogeon', 'crogeoni@mapy.cz', TO_DATE('2020-09-30 17:45:08', 'yyyy/mm/dd hh24:mi:ss'), '10/05/1988', 12, 'Gaelle');
insert into user_account (acct_name, acct_password, acctid, fname, lname, email, date_created, dob, acct_level) values ('ewinnardj', 'E8rRvfFi', 49448, 'Elia', 'Winnard', 'ewinnardj@jigsy.com', TO_DATE('2020-11-12 15:05:06', 'yyyy/mm/dd hh24:mi:ss'), '05/21/1976', 45, 'Gaelle');
insert into user_account (acct_name, acct_password, acctid, fname, lname, email, date_created, dob, acct_level) values ('pbartozzik', 'JOgkDGGk6wO', 53428, 'Phillie', 'Bartozzi', 'pbartozzik@histats.com', TO_DATE('2020-10-24 07:44:55', 'yyyy/mm/dd hh24:mi:ss'), '03/12/2005', 37, 'Oceane');
insert into user_account (acct_name, acct_password, acctid, fname, lname, email, date_created, dob, acct_level) values ('nburnsidel', 'jajMCQPph', 92975, 'Nari', 'Burnside', 'nburnsidel@blogger.com', TO_DATE('2020-10-23 19:19:44', 'yyyy/mm/dd hh24:mi:ss'), '05/30/1999', 42, 'Oceane');
insert into user_account (acct_name, acct_password, acctid, fname, lname, email, date_created, dob, acct_level) values ('rpopescum', 'cKWoDA', 25836, 'Rubie', 'Popescu', 'rpopescum@imageshack.us', TO_DATE('2020-11-09 21:24:53', 'yyyy/mm/dd hh24:mi:ss'), '12/06/1990', 16, 'Ku');
insert into user_account (acct_name, acct_password, acctid, fname, lname, email, date_created, dob, acct_level) values ('aburgoinen', '5jCDCR', 48043, 'Adina', 'Burgoine', 'aburgoinen@sciencedaily.com', TO_DATE('2020-10-16 09:51:22', 'yyyy/mm/dd hh24:mi:ss'), '03/25/1987', 17, 'Ku');
insert into user_account (acct_name, acct_password, acctid, fname, lname, email, date_created, dob, acct_level) values ('dmccamishn', 'S5RaQmT', 83948, 'Delly', 'McCamish', 'dmccamishn@about.com', TO_DATE('2020-10-31 03:53:43', 'yyyy/mm/dd hh24:mi:ss'), '09/18/1978', 43, 'Eloise');
insert into user_account (acct_name, acct_password, acctid, fname, lname, email, date_created, dob, acct_level) values ('sscholteo', '7yBYNl6', 92462, 'Stephana', 'Scholte', 'sscholteo@ezinearticles.com', TO_DATE('2020-10-08 15:48:27', 'yyyy/mm/dd hh24:mi:ss'), '11/01/2000', 35, 'Eloise');
insert into user_account (acct_name, acct_password, acctid, fname, lname, email, date_created, dob, acct_level) values ('corfeurl', 'AeqUMRw8', 70119, 'Chevy', 'Orfeur', 'corfeurl@adobe.com', TO_DATE('2020-09-02 23:09:48', 'yyyy/mm/dd hh24:mi:ss'), '11/07/1986', 7, 'Francoise');
insert into user_account (acct_name, acct_password, acctid, fname, lname, email, date_created, dob, acct_level) values ('nhillittm', 'maeQ5ucAcZJw', 30037, 'Norina', 'Hillitt', 'nhillittm@tamu.edu', TO_DATE('2020-11-10 15:06:05', 'yyyy/mm/dd hh24:mi:ss'), '09/17/2001', 24, 'Francoise');

insert into skin (skin_name) values ('Indigo');
insert into skin (skin_name) values ('Teal');
insert into skin (skin_name) values ('Pink');
insert into skin (skin_name) values ('Purple');
insert into skin (skin_name) values ('Violet');
insert into skin (skin_name) values ('Crimson');
insert into skin (skin_name) values ('Aquamarine');

insert into champion_skins (champ_name, skin_name) values ('Torbjorn', 'Indigo');
insert into champion_skins (champ_name, skin_name) values ('Torbjorn', 'Teal');
insert into champion_skins (champ_name, skin_name) values ('Agnes', 'Teal');
insert into champion_skins (champ_name, skin_name) values ('Agnes', 'Pink');
insert into champion_skins (champ_name, skin_name) values ('Mai', 'Pink');
insert into champion_skins (champ_name, skin_name) values ('Mai', 'Teal');
insert into champion_skins (champ_name, skin_name) values ('Illustree', 'Teal');
insert into champion_skins (champ_name, skin_name) values ('Illustree', 'Purple');
insert into champion_skins (champ_name, skin_name) values ('Loic', 'Purple');
insert into champion_skins (champ_name, skin_name) values ('Loic', 'Violet');
insert into champion_skins (champ_name, skin_name) values ('Ake', 'Violet');
insert into champion_skins (champ_name, skin_name) values ('Ake', 'Indigo');
insert into champion_skins (champ_name, skin_name) values ('Laurene', 'Violet');
insert into champion_skins (champ_name, skin_name) values ('Laurene', 'Crimson');
insert into champion_skins (champ_name, skin_name) values ('Leana', 'Crimson');
insert into champion_skins (champ_name, skin_name) values ('Leana', 'Teal');
insert into champion_skins (champ_name, skin_name) values ('Cinema', 'Crimson');
insert into champion_skins (champ_name, skin_name) values ('Cinema', 'Indigo');
insert into champion_skins (champ_name, skin_name) values ('Gaelle', 'Indigo');
insert into champion_skins (champ_name, skin_name) values ('Gaelle', 'Aquamarine');
insert into champion_skins (champ_name, skin_name) values ('Oceane', 'Crimson');
insert into champion_skins (champ_name, skin_name) values ('Oceane', 'Aquamarine');
insert into champion_skins (champ_name, skin_name) values ('Ku', 'Teal');
insert into champion_skins (champ_name, skin_name) values ('Ku', 'Pink');
insert into champion_skins (champ_name, skin_name) values ('Eloise', 'Aquamarine');
insert into champion_skins (champ_name, skin_name) values ('Eloise', 'Crimson');
insert into champion_skins (champ_name, skin_name) values ('Francoise', 'Indigo');
insert into champion_skins (champ_name, skin_name) values ('Francoise', 'Violet');

insert into skins_owned (acct_name, skin_name) values ('gstraffon0', 'Indigo');
insert into skins_owned (acct_name, skin_name) values ('rstaten1', 'Indigo');
insert into skins_owned (acct_name, skin_name) values ('rstaten1', 'Teal');
insert into skins_owned (acct_name, skin_name) values ('eviel2', 'Teal');
insert into skins_owned (acct_name, skin_name) values ('eviel2', 'Pink');
insert into skins_owned (acct_name, skin_name) values ('dcogan3', 'Teal');
insert into skins_owned (acct_name, skin_name) values ('gwhapham4', 'Pink');
insert into skins_owned (acct_name, skin_name) values ('klernihan5', 'Pink');
insert into skins_owned (acct_name, skin_name) values ('ugreenside6', 'Teal');
insert into skins_owned (acct_name, skin_name) values ('nbeddo7', 'Teal');
insert into skins_owned (acct_name, skin_name) values ('amacquire8', 'Purple');
insert into skins_owned (acct_name, skin_name) values ('gfatkin9', 'Purple');
insert into skins_owned (acct_name, skin_name) values ('nsongusta', 'Violet');
insert into skins_owned (acct_name, skin_name) values ('gbotgerb', 'Violet');
insert into skins_owned (acct_name, skin_name) values ('yshavec', 'Violet');
insert into skins_owned (acct_name, skin_name) values ('hmongerd', 'Violet');
insert into skins_owned (acct_name, skin_name) values ('dvossee', 'Crimson');
insert into skins_owned (acct_name, skin_name) values ('esparksf', 'Crimson');
insert into skins_owned (acct_name, skin_name) values ('cfavelg', 'Crimson');
insert into skins_owned (acct_name, skin_name) values ('kpendellh', 'Crimson');
insert into skins_owned (acct_name, skin_name) values ('crogeoni', 'Indigo');
insert into skins_owned (acct_name, skin_name) values ('ewinnardj', 'Indigo');
insert into skins_owned (acct_name, skin_name) values ('pbartozzik', 'Crimson');
insert into skins_owned (acct_name, skin_name) values ('nburnsidel', 'Crimson');
insert into skins_owned (acct_name, skin_name) values ('rpopescum', 'Teal');
insert into skins_owned (acct_name, skin_name) values ('aburgoinen', 'Teal');
insert into skins_owned (acct_name, skin_name) values ('dmccamishn', 'Aquamarine');
insert into skins_owned (acct_name, skin_name) values ('sscholteo', 'Aquamarine');
insert into skins_owned (acct_name, skin_name) values ('sscholteo', 'Crimson');
insert into skins_owned (acct_name, skin_name) values ('corfeurl', 'Indigo');
insert into skins_owned (acct_name, skin_name) values ('corfeurl', 'Violet');
insert into skins_owned (acct_name, skin_name) values ('nhillittm', 'Indigo');
insert into skins_owned (acct_name, skin_name) values ('nhillittm', 'Violet');

insert into ability (ability_name, ability_type, ability_tier, function, max_damage) values ('Cowbane', 'Projectile', 1, 'Slow', 108);
insert into ability (ability_name, ability_type, ability_tier, function, max_damage) values ('Silkybent', 'Projectile', 2, 'Slow', 214);
insert into ability (ability_name, ability_type, ability_tier, function, max_damage) values ('Yew', 'Projectile', 3, 'Slow', 386);
insert into ability (ability_name, ability_type, ability_tier, function, max_damage) values ('Graphis', 'Projectile', 4, 'Slow', 453);
insert into ability (ability_name, ability_type, ability_tier, function, max_damage) values ('Hope', 'Projectile', 5, 'Slow', 542);
insert into ability (ability_name, ability_type, ability_tier, function, max_damage) values ('Pioneer', 'Repeatable', 1, 'Stun', 128);
insert into ability (ability_name, ability_type, ability_tier, function, max_damage) values ('Chestnut', 'Repeatable', 2, 'Stun', 296);
insert into ability (ability_name, ability_type, ability_tier, function, max_damage) values ('Wartyca', 'Repeatable', 3, 'Stun', 300);
insert into ability (ability_name, ability_type, ability_tier, function, max_damage) values ('Frage', 'Repeatable', 4, 'Stun', 460);
insert into ability (ability_name, ability_type, ability_tier, function, max_damage) values ('Plantain', 'Repeatable', 5, 'Stun', 524);
insert into ability (ability_name, ability_type, ability_tier, function, max_damage) values ('Monkshood', 'Combo', 1, 'Disarm', 179);
insert into ability (ability_name, ability_type, ability_tier, function, max_damage) values ('Panamint', 'Combo', 2, 'Disarm', 299);
insert into ability (ability_name, ability_type, ability_tier, function, max_damage) values ('Rattlebox', 'Combo', 3, 'Disarm', 325);
insert into ability (ability_name, ability_type, ability_tier, function, max_damage) values ('Pyrolichen', 'Combo', 4, 'Disarm', 425);
insert into ability (ability_name, ability_type, ability_tier, function, max_damage) values ('Vera', 'Combo', 5, 'Disarm', 525)

insert into champ_ability (champ_name, ability_name) values ('Torbjorn', 'Cowbane');
insert into champ_ability (champ_name, ability_name) values ('Agnes', 'Silkybent');
insert into champ_ability (champ_name, ability_name) values ('Mai', 'Yew');
insert into champ_ability (champ_name, ability_name) values ('Illustree', 'Graphis');
insert into champ_ability (champ_name, ability_name) values ('Loic', 'Hope');
insert into champ_ability (champ_name, ability_name) values ('Ake', 'Pioneer');
insert into champ_ability (champ_name, ability_name) values ('Laurene', 'Chestnut');
insert into champ_ability (champ_name, ability_name) values ('Leana', 'Wartyca');
insert into champ_ability (champ_name, ability_name) values ('Cinema','Frage');
insert into champ_ability (champ_name, ability_name) values ('Gaelle', 'Plantain');
insert into champ_ability (champ_name, ability_name) values ('Oceane', 'Monkshood');
insert into champ_ability (champ_name, ability_name) values ('Ku', 'Panamint');
insert into champ_ability (champ_name, ability_name) values ('Eloise', 'Rattlebox');
insert into champ_ability (champ_name, ability_name) values ('Francoise', 'Pyrolichen');


insert into lane_creep (lane_name, map_name, max_lane_hp, lane_creep_damage, lane_exp, lane_respawn_time) values('Spartan', 'HighNova', 300, 20, 10, 30)
insert into lane_creep (lane_name, map_name, max_lane_hp, lane_creep_damage, lane_exp, lane_respawn_time) values('Soldier', 'HighNova', 200, 15, 10, 30)
insert into lane_creep (lane_name, map_name, max_lane_hp, lane_creep_damage, lane_exp, lane_respawn_time) values('Archer', 'HighNova', 100, 25, 10, 30)
insert into lane_creep (lane_name, map_name, max_lane_hp, lane_creep_damage, lane_exp, lane_respawn_time) values('SuperSpartan', 600, 40, 10, 30)
insert into lane_creep (lane_name, map_name, max_lane_hp, lane_creep_damage, lane_exp, lane_respawn_time) values('SuperSoldier', 400, 30, 10, 30)
insert into lane_creep (lane_name, map_name, max_lane_hp, lane_creep_damage, lane_exp, lane_respawn_time) values('SuperArcher', 200, 50, 10, 30)

insert into jungle_creep(creep_name, map_name, max_creep_hp, jungle_creep_damage, jungle_exp, jungle_respawn_time) values('Snakes', 'HighNova', 200, 10, 20, 60)
insert into jungle_creep(creep_name, map_name, max_creep_hp, jungle_creep_damage, jungle_exp, jungle_respawn_time) values('Lions', 'HighNova', 400, 30, 50, 90)
insert into jungle_creep(creep_name, map_name, max_creep_hp, jungle_creep_damage, jungle_exp, jungle_respawn_time) values('Wolves', 'HighNova', 300, 20, 35, 75)

insert into boss_creep(boss_name, map_name, boss_hp, boss_damage, boss_exp, boss_respawn_time) values('Sphinx', 'HighNova', 12000, 300, 800, 180)
insert into boss_creep(boss_name, map_name, boss_hp, boss_damage, boss_exp, boss_respawn_time) values('Basilisk', 'HighNova', 12000, 300, 800, 180)
insert into boss_creep(boss_name, map_name, boss_hp, boss_damage, boss_exp, boss_respawn_time) values('Exodia', 'HighNova', 20000, 500, 1000, 240)

insert into map(map_name, champ_spawn_point) values ('HighNova', 'Fountain')
insert into map(map_name, champ_spawn_point) values ('Olympus', 'Throne')